id,first_name,last_name,email,gender,ip_address
1,Wang,Winney,wwinney0@woothemes.com,Male,27.220.107.232
2,Dell,Flatley,dflatley1@ucoz.com,Male,220.37.113.95
3,Anna-maria,Greenland,agreenland2@photobucket.com,Female,230.240.97.221
4,Hamilton,Lupton,hlupton3@go.com,Male,211.110.89.251
5,Ariella,Harsnep,aharsnep4@uiuc.edu,Female,145.166.243.60
6,Elihu,Bentham3,ebentham5@ft.com,Male,0.139.6.174
7,Lorenza,Chicchelli,lchicchelli6@nifty.com,Female,86.220.102.228
8,Bale,Figure,bfigure7@washingtonpost.com,Male,207.119.19.125
9,Ava,Ayling,aayling8@reference.com,Female,98.146.234.230
10,Trey,Yele,tyele9@freewebs.com,Male,132.170.135.105
11,Shelby,Shergold,sshergolda@ifeng.com,Female,131.78.185.30
12,Lettie,Sansam,lsansamb@eepurl.com,Female,206.52.107.147
13,Kania,Kunc,kkuncc@ezinearticles.com,Female,32.77.1.66
14,Theresita,Gascoigne,tgascoigned@qq.com,Female,57.103.212.35
15,Alex,Nehl,anehle@marriott.com,Male,201.213.79.162
16,Errol,Stringman,estringmanf@51.la,Male,23.85.22.88
17,Gwenni,Speers,gspeersg@salon.com,Female,248.213.20.179
18,Randal,Grundell,rgrundellh@wikimedia.org,Male,220.154.202.34
19,Doti,Staterfield,dstaterfieldi@pen.io,Female,4.194.80.52
20,Northrup,Volkers,nvolkersj@i2i.jp,Male,168.83.158.32
21,Elston,Thompson,ethompsonk@chicagotribune.com,Male,117.88.187.49
22,Tuck,March,tmarchl@tinyurl.com,Male,127.230.17.204
23,Adora,Paschke,apaschkem@npr.org,Female,2.251.239.202
24,Brandyn,Cesco,bcescon@people.com.cn,Male,95.110.203.211
25,Bonni,Beart,bbearto@ehow.com,Female,36.122.51.137
26,Alyce,Box,aboxp@digg.com,Female,215.148.225.79
27,Ramsay,Jaynes,rjaynesq@friendfeed.com,Male,3.156.92.92
28,Renault,Gerasch,rgeraschr@opensource.org,Male,90.109.135.22
29,Hedy,Ardling,hardlings@prlog.org,Female,38.85.38.18
30,Roosevelt,Midden,rmiddent@topsy.com,Male,206.6.104.80
31,Mareah,O'Kennedy,mokennedyu@sphinn.com,Female,82.120.114.255
32,Zared,McQueen,zmcqueenv@mlb.com,Male,154.80.187.154
33,Rosalind,Insall,rinsallw@fotki.com,Female,208.22.102.107
34,Lanna,Skuse,lskusex@ibm.com,Female,199.218.195.133
35,Fee,Crates,fcratesy@house.gov,Male,165.122.86.177
36,Crista,Aylen,caylenz@cdc.gov,Female,125.223.207.26
37,Karlen,Bedberry,kbedberry10@sourceforge.net,Female,96.187.4.17
38,Petronilla,Kimbell,pkimbell11@xrea.com,Female,129.60.156.113
39,Reilly,Hammon,rhammon12@ocn.ne.jp,Male,243.51.245.3
40,Angus,Nurden,anurden13@yale.edu,Male,236.213.192.235
41,Haydon,Wimpress,hwimpress14@theguardian.com,Male,233.99.23.247
42,Sigfried,Stammers,sstammers15@last.fm,Male,211.248.235.21
43,Fleurette,Carvell,fcarvell16@soup.io,Female,70.42.11.164
44,Sheridan,Brandle,sbrandle17@diigo.com,Male,173.148.208.49
45,Joelie,Bendix,jbendix18@wufoo.com,Female,40.197.107.220
46,Lilllie,Claiden,lclaiden19@berkeley.edu,Female,71.72.84.67
47,Dniren,Masse,dmasse1a@cnn.com,Female,244.54.13.1
48,Daphene,Huckleby,dhuckleby1b@hexun.com,Female,220.83.186.200
49,Arturo,Shallcrass,ashallcrass1c@wunderground.com,Male,170.82.150.174
50,Alwyn,Midner,amidner1d@is.gd,Male,209.193.144.200
51,Ermin,Patching,epatching1e@ucla.edu,Male,59.68.198.214
52,Dido,Tremouille,dtremouille1f@ted.com,Female,231.186.125.131
53,Merle,O'Kenny,mokenny1g@dmoz.org,Female,247.74.22.200
54,Avivah,Berling,aberling1h@bizjournals.com,Female,62.204.64.97
55,Rubina,ducarme,rducarme1i@usgs.gov,Female,215.70.66.105
56,Liv,Mushart,lmushart1j@is.gd,Female,99.209.207.176
57,Steffane,Blakely,sblakely1k@ucoz.com,Female,47.38.246.244
58,Jameson,Solloway,jsolloway1l@webnode.com,Male,237.0.179.217
59,Dory,Izzett,dizzett1m@mapy.cz,Male,204.23.236.87
60,Garik,Havers,ghavers1n@vistaprint.com,Male,129.65.187.131
61,Lion,Nolder,lnolder1o@gizmodo.com,Male,23.74.48.75
62,Lenard,Weyman,lweyman1p@webnode.com,Male,39.9.186.45
63,Analiese,Parish,aparish1q@blogger.com,Female,86.164.249.124
64,Harriot,Kilgrew,hkilgrew1r@mapquest.com,Female,215.132.237.211
65,Goldia,Press,gpress1s@sciencedirect.com,Female,36.238.140.86
66,Adena,Matessian,amatessian1t@businessinsider.com,Female,146.240.209.13
67,Patrizio,Mordue,pmordue1u@cornell.edu,Male,64.250.13.196
68,Beck,Kember,bkember1v@senate.gov,Male,19.149.179.106
69,Bronnie,Elliff,belliff1w@narod.ru,Male,253.145.129.19
70,Ronald,Pre,rpre1x@4shared.com,Male,213.185.170.82
71,Witty,Pfaff,wpfaff1y@networksolutions.com,Male,175.22.69.111
72,Erda,Gimbart,egimbart1z@linkedin.com,Female,46.27.143.163
73,Betsy,Idwal Evans,bidwalevans20@accuweather.com,Female,238.216.148.56
74,Gert,Flatt,gflatt21@constantcontact.com,Female,27.163.101.165
75,Denise,Drakes,ddrakes22@webeden.co.uk,Female,164.71.138.9
76,Sadella,Dudmesh,sdudmesh23@merriam-webster.com,Female,36.196.77.231
77,Zora,Dye,zdye24@jalbum.net,Female,121.51.22.155
78,Dasya,Lawly,dlawly25@flickr.com,Female,161.35.159.8
79,Brig,Durak,bdurak26@chron.com,Male,8.187.172.81
80,Querida,Dounbare,qdounbare27@about.com,Female,13.166.225.134
81,Mamie,Magner,mmagner28@google.com.hk,Female,53.147.181.123
82,Flori,Ubach,fubach29@zdnet.com,Female,113.79.154.171
83,Maye,Kibblewhite,mkibblewhite2a@jiathis.com,Female,192.162.166.84
84,Engracia,Drohan,edrohan2b@usa.gov,Female,185.17.146.35
85,Violette,Szwandt,vszwandt2c@cnbc.com,Female,26.17.201.3
86,Reagan,Greatrakes,rgreatrakes2d@nationalgeographic.com,Male,15.105.70.28
87,Hersh,Christol,hchristol2e@theatlantic.com,Male,168.162.0.250
88,Wilow,Culligan,wculligan2f@marketwatch.com,Female,72.251.173.96
89,Janna,Tomek,jtomek2g@ustream.tv,Female,161.50.206.0
90,Delano,Haslock,dhaslock2h@freewebs.com,Male,49.82.239.208
91,Alvira,McGeoch,amcgeoch2i@narod.ru,Female,32.235.173.190
92,Martguerita,Crippell,mcrippell2j@auda.org.au,Female,170.65.236.214
93,Helen-elizabeth,Lownes,hlownes2k@deliciousdays.com,Female,168.154.209.89
94,Kai,Poston,kposton2l@lulu.com,Female,42.191.228.164
95,Benyamin,Kille,bkille2m@feedburner.com,Male,250.254.128.130
96,Bruis,Brodley,bbrodley2n@netvibes.com,Male,151.16.251.63
97,Wilmar,Hurle,whurle2o@liveinternet.ru,Male,12.242.24.178
98,Sutherland,Scriver,sscriver2p@microsoft.com,Male,75.10.75.226
99,Anette,Jex,ajex2q@whitehouse.gov,Female,228.209.60.41
100,Whitney,Gummie,wgummie2r@123-reg.co.uk,Male,54.127.194.90
101,Tandi,de Almeida,tdealmeida2s@creativecommons.org,Female,79.3.140.109
102,Lindi,Monery,lmonery2t@nydailynews.com,Female,197.44.24.98
103,Fonsie,Whitrod,fwhitrod2u@blogtalkradio.com,Male,197.145.207.155
104,Corny,Brodeur,cbrodeur2v@meetup.com,Male,117.149.42.124
105,Charmine,Brugman,cbrugman2w@kickstarter.com,Female,170.122.201.113
106,Lawton,Warfield,lwarfield2x@princeton.edu,Male,153.11.18.222
107,Phaidra,Heiss,pheiss2y@harvard.edu,Female,140.180.4.160
108,Esmaria,Heliar,eheliar2z@squidoo.com,Female,26.156.197.60
109,Leeann,Eastop,leastop30@gov.uk,Female,25.23.51.196
110,Lelah,Crawshaw,lcrawshaw31@state.tx.us,Female,236.78.254.73
111,Keene,Priddle,kpriddle32@drupal.org,Male,159.54.8.12
112,Laraine,Dey,ldey33@artisteer.com,Female,71.114.52.56
113,Ronny,Ahlf,rahlf34@hhs.gov,Female,71.211.47.172
114,Samuel,Gibbieson,sgibbieson35@forbes.com,Male,61.155.203.173
115,Johan,Bartles,jbartles36@de.vu,Male,192.144.231.8
116,Leodora,Riccardini,lriccardini37@artisteer.com,Female,133.206.146.10
117,Roze,Brammall,rbrammall38@slate.com,Female,248.29.121.209
118,Peadar,Falconbridge,pfalconbridge39@blog.com,Male,231.63.149.193
119,Hermon,Smickle,hsmickle3a@wired.com,Male,182.98.20.252
120,Amandie,Dimic,adimic3b@ft.com,Female,139.193.19.174
121,Jaquith,Greiser,jgreiser3c@youtu.be,Female,233.88.53.144
122,Randie,Gleadhell,rgleadhell3d@cmu.edu,Female,68.147.225.88
123,Kenn,Clewett,kclewett3e@addthis.com,Male,173.201.137.193
124,Juli,Tomasicchio,jtomasicchio3f@narod.ru,Female,160.170.201.243
125,Nate,Gaynesford,ngaynesford3g@last.fm,Male,226.255.105.240
126,Odey,Whatling,owhatling3h@unblog.fr,Male,22.211.215.96
127,Jannelle,Swaffield,jswaffield3i@alibaba.com,Female,154.38.91.133
128,Elena,Rossborough,erossborough3j@example.com,Female,60.150.43.176
129,Vachel,Mabson,vmabson3k@yahoo.co.jp,Male,197.83.241.47
130,Ronnica,Machen,rmachen3l@cafepress.com,Female,216.222.168.188
131,Katlin,Sprackling,ksprackling3m@dailymotion.com,Female,157.120.245.159
132,Avivah,Tunno,atunno3n@1688.com,Female,202.200.167.99
133,Melonie,Darnborough,mdarnborough3o@last.fm,Female,159.252.77.174
134,Savina,Catherick,scatherick3p@google.co.uk,Female,52.119.137.0
135,Cynthie,Petel,cpetel3q@bing.com,Female,187.202.195.200
136,Christie,Throughton,cthroughton3r@springer.com,Female,230.71.246.233
137,Fanchette,Southerden,fsoutherden3s@flavors.me,Female,16.91.237.161
138,Gerrie,Perin,gperin3t@nydailynews.com,Male,190.205.64.122
139,Lauri,Tozer,ltozer3u@elpais.com,Female,155.91.151.111
140,Jacklin,Methuen,jmethuen3v@loc.gov,Female,148.40.173.40
141,Rollin,Newbegin,rnewbegin3w@twitter.com,Male,241.64.198.56
142,Brnaba,Lamerton,blamerton3x@e-recht24.de,Male,219.151.247.86
143,Jamison,Grimsey,jgrimsey3y@google.com.br,Male,181.94.114.36
144,Rafe,Mintoft,rmintoft3z@hhs.gov,Male,183.135.108.190
145,Hilliard,Bartels-Ellis,hbartelsellis40@twitpic.com,Male,26.182.24.59
146,Laird,Rounsefell,lrounsefell41@illinois.edu,Male,103.41.130.6
147,Dorian,Fruser,dfruser42@jimdo.com,Female,163.59.104.106
148,Royce,Scarr,rscarr43@yelp.com,Male,135.48.42.94
149,Sibyl,Adame,sadame44@sphinn.com,Female,207.107.228.69
150,Peggie,De Andisie,pdeandisie45@youtube.com,Female,224.171.88.54
151,Ettore,Regglar,eregglar46@wired.com,Male,40.58.81.140
152,Welsh,Pulford,wpulford47@theglobeandmail.com,Male,190.79.221.205
153,Ade,Stoile,astoile48@digg.com,Male,112.200.84.178
154,Brien,Tuohy,btuohy49@123-reg.co.uk,Male,238.25.129.83
155,Byran,Sandifer,bsandifer4a@youtube.com,Male,62.185.12.16
156,Cindie,Fabbro,cfabbro4b@4shared.com,Female,232.225.111.60
157,Gizela,Cisneros,gcisneros4c@simplemachines.org,Female,227.24.249.113
158,Minnaminnie,Knok,mknok4d@gmpg.org,Female,251.252.255.92
159,Marice,Pudge,mpudge4e@msu.edu,Female,143.171.191.165
160,Crystie,Goodlip,cgoodlip4f@google.cn,Female,14.139.0.21
161,Hanny,Laverty,hlaverty4g@taobao.com,Female,96.239.172.64
162,Julienne,Mallinder,jmallinder4h@google.co.jp,Female,133.214.230.138
163,Celle,Gilder,cgilder4i@eventbrite.com,Female,154.81.68.124
164,Aryn,Lafford,alafford4j@is.gd,Female,54.135.95.84
165,Fred,Stollen,fstollen4k@businessweek.com,Male,252.90.168.120
166,Stephana,Darrington,sdarrington4l@aol.com,Female,139.254.194.215
167,Nadeen,McGillacoell,nmcgillacoell4m@nytimes.com,Female,136.86.85.248
168,Annmarie,Lowth,alowth4n@domainmarket.com,Female,64.55.248.68
169,Erinn,Brownsall,ebrownsall4o@bizjournals.com,Female,63.12.154.73
170,Julie,Truluck,jtruluck4p@myspace.com,Female,166.184.1.77
171,Hans,Pettiward,hpettiward4q@omniture.com,Male,4.105.174.171
172,Roobbie,Crease,rcrease4r@list-manage.com,Female,106.200.225.187
173,Massimo,MacGinley,mmacginley4s@foxnews.com,Male,110.100.124.242
174,Leopold,Gilbody,lgilbody4t@bluehost.com,Male,166.140.173.249
175,Irwin,Chilley,ichilley4u@google.co.uk,Male,253.216.136.69
176,Isidor,Larderot,ilarderot4v@bizjournals.com,Male,144.245.18.199
177,Sybyl,Egentan,segentan4w@so-net.ne.jp,Female,128.116.118.46
178,Margeaux,Downe,mdowne4x@home.pl,Female,60.62.43.10
179,Jen,Livard,jlivard4y@weather.com,Female,11.144.21.7
180,Andy,Grestye,agrestye4z@barnesandnoble.com,Female,251.33.232.112
181,Izabel,Campana,icampana50@marriott.com,Female,58.131.51.4
182,Brier,Sneaker,bsneaker51@macromedia.com,Female,133.12.83.150
183,Vassily,Antuk,vantuk52@ted.com,Male,117.122.250.119
184,Wyatan,Blucher,wblucher53@xing.com,Male,124.68.250.133
185,Stanley,Leigh,sleigh54@yale.edu,Male,52.175.69.110
186,Ira,Hansley,ihansley55@bloglovin.com,Female,183.102.106.227
187,Bogey,Bebb,bbebb56@domainmarket.com,Male,64.139.240.187
188,Renell,Leathem,rleathem57@cargocollective.com,Female,204.154.188.122
189,Avery,Outram,aoutram58@com.com,Male,182.225.245.25
190,Rollins,Balham,rbalham59@wufoo.com,Male,73.55.151.242
191,Monro,Denyagin,mdenyagin5a@a8.net,Male,87.202.205.234
192,Had,Edeson,hedeson5b@goo.gl,Male,87.128.173.212
193,Denys,Henzer,dhenzer5c@ifeng.com,Female,160.29.251.8
194,Haydon,Blevin,hblevin5d@nymag.com,Male,242.193.159.162
195,Abbot,Surr,asurr5e@msu.edu,Male,61.177.67.22
196,Brewer,Parradine,bparradine5f@amazonaws.com,Male,55.33.224.175
197,Hersch,Millthorpe,hmillthorpe5g@canalblog.com,Male,15.152.60.38
198,Inger,Wandrack,iwandrack5h@topsy.com,Male,10.131.252.201
199,Dixie,Charteris,dcharteris5i@seattletimes.com,Female,241.244.240.143
200,Blane,Anwell,banwell5j@typepad.com,Male,170.143.72.234
201,Fons,Freeborne,ffreeborne5k@mail.ru,Male,30.117.79.166
202,Walther,Landrean,wlandrean5l@chicagotribune.com,Male,225.48.202.150
203,Alethea,Peschmann,apeschmann5m@barnesandnoble.com,Female,192.148.128.10
204,Amelina,Petren,apetren5n@merriam-webster.com,Female,219.86.93.126
205,Hill,Hawkeridge,hhawkeridge5o@moonfruit.com,Male,248.31.160.22
206,Giuditta,Bass,gbass5p@thetimes.co.uk,Female,57.58.151.122
207,Gelya,Zoppie,gzoppie5q@hexun.com,Female,168.118.165.192
208,Marlie,McMeekin,mmcmeekin5r@addtoany.com,Female,84.22.100.17
209,Baillie,Ollerenshaw,bollerenshaw5s@pagesperso-orange.fr,Male,251.70.134.164
210,Tymothy,Idney,tidney5t@ed.gov,Male,223.15.190.156
211,Caryl,Sugge,csugge5u@nydailynews.com,Female,52.105.16.17
212,Shanie,Ruffy,sruffy5v@epa.gov,Female,50.38.153.153
213,Felice,Ateggart,fateggart5w@tmall.com,Female,111.66.244.142
214,Evvy,Josilevich,ejosilevich5x@unicef.org,Female,220.228.89.128
215,Letitia,Niche,lniche5y@1und1.de,Female,173.67.88.129
216,Carin,Gareisr,cgareisr5z@ox.ac.uk,Female,187.230.237.111
217,Charissa,Bohden,cbohden60@tamu.edu,Female,35.150.227.162
218,Ezri,Sleigh,esleigh61@vkontakte.ru,Male,51.37.52.146
219,Mona,Reading,mreading62@ucsd.edu,Female,182.243.42.67
220,Andrus,Andrich,aandrich63@simplemachines.org,Male,86.37.45.190
221,Trevor,Minors,tminors64@cnn.com,Male,232.136.140.86
222,Corella,Gorke,cgorke65@1und1.de,Female,90.127.51.131
223,Lauri,Dendon,ldendon66@dailymotion.com,Female,186.151.46.33
224,Anson,Emeny,aemeny67@thetimes.co.uk,Male,82.195.105.34
225,Deeyn,Bumpass,dbumpass68@ovh.net,Female,225.224.19.235
226,Asia,Saphin,asaphin69@thetimes.co.uk,Female,5.198.231.83
227,Udale,McKune,umckune6a@t-online.de,Male,96.7.255.116
228,Clim,Masserel,cmasserel6b@statcounter.com,Male,73.148.19.48
229,Carlye,Plaide,cplaide6c@house.gov,Female,96.180.31.44
230,Tabbie,Issatt,tissatt6d@ft.com,Male,235.250.74.91
231,Elisha,Kurt,ekurt6e@godaddy.com,Female,192.6.146.45
232,Ericka,Prebble,eprebble6f@disqus.com,Female,149.35.243.94
233,Isiahi,Sabati,isabati6g@shinystat.com,Male,133.118.142.193
234,Rocky,Dauber,rdauber6h@admin.ch,Male,152.116.169.115
235,Gus,Ghent,gghent6i@auda.org.au,Male,142.172.67.96
236,Vincenty,Macias,vmacias6j@google.cn,Male,41.246.113.123
237,Reid,Folkerts,rfolkerts6k@bluehost.com,Male,87.5.26.199
238,Tadeas,Doerrling,tdoerrling6l@google.com.hk,Male,69.127.148.194
239,Anderea,Tucknott,atucknott6m@mtv.com,Female,98.245.188.67
240,Tiphanie,Capponer,tcapponer6n@github.com,Female,6.96.33.78
241,Addie,Raubenheimer,araubenheimer6o@purevolume.com,Male,36.107.163.140
242,Laverne,Gorini,lgorini6p@t.co,Female,254.245.8.237
243,Frederik,Critch,fcritch6q@foxnews.com,Male,216.122.152.6
244,Maryellen,Corstorphine,mcorstorphine6r@yandex.ru,Female,5.76.154.43
245,Doris,Berlin,dberlin6s@wordpress.org,Female,143.99.75.200
246,Cele,Andreia,candreia6t@hhs.gov,Female,74.192.50.159
247,Zacharie,Olfert,zolfert6u@vimeo.com,Male,72.163.4.94
248,Rosco,Klink,rklink6v@usa.gov,Male,202.160.2.105
249,Gail,Hanes,ghanes6w@51.la,Female,80.73.38.251
250,Madelina,Broschek,mbroschek6x@sciencedirect.com,Female,130.44.168.93
251,Gregorio,Lefever,glefever6y@answers.com,Male,54.14.97.119
252,Reagen,Rowney,rrowney6z@hostgator.com,Male,215.148.196.237
253,Tiphanie,Van Geffen,tvangeffen70@xing.com,Female,163.205.165.167
254,Antons,Jekyll,ajekyll71@imdb.com,Male,181.22.47.232
255,Winfield,Womersley,wwomersley72@example.com,Male,9.75.213.33
256,Barbabas,Flanagan,bflanagan73@sina.com.cn,Male,85.177.92.132
257,Dione,Bare,dbare74@soup.io,Female,52.90.207.64
258,Matthiew,Robbings,mrobbings75@fda.gov,Male,35.55.226.215
259,Caryn,Wicklen,cwicklen76@dmoz.org,Female,70.179.51.170
260,Christoper,Jenik,cjenik77@yolasite.com,Male,15.196.90.109
261,Theressa,Kingwell,tkingwell78@slate.com,Female,192.133.139.181
262,Delmor,Broun,dbroun79@nifty.com,Male,150.118.108.72
263,Adelice,Moulds,amoulds7a@nhs.uk,Female,140.226.71.168
264,Ram,Beeck,rbeeck7b@redcross.org,Male,141.251.5.111
265,Whitney,Patemore,wpatemore7c@usatoday.com,Female,169.24.212.98
266,Doralin,Lude,dlude7d@answers.com,Female,82.31.223.190
267,Hercules,Tyzack,htyzack7e@dedecms.com,Male,26.244.151.67
268,Jessy,McKean,jmckean7f@miibeian.gov.cn,Female,89.118.150.94
269,Alexandr,Smitham,asmitham7g@sun.com,Male,133.99.160.2
270,Glennis,Razoux,grazoux7h@newsvine.com,Female,216.243.89.37
271,Lauren,Kender,lkender7i@statcounter.com,Male,90.216.108.72
272,Desi,Gippes,dgippes7j@wiley.com,Male,58.175.30.167
273,Olly,McConnel,omcconnel7k@sourceforge.net,Male,102.88.125.245
274,Nerte,Deveral,ndeveral7l@e-recht24.de,Female,33.140.24.52
275,Shaine,Jugging,sjugging7m@prnewswire.com,Female,155.150.213.132
276,Margaretta,Pavlovsky,mpavlovsky7n@dailymail.co.uk,Female,35.209.76.181
277,Germain,Longhorn,glonghorn7o@answers.com,Male,71.40.97.188
278,Levey,Tomisch,ltomisch7p@photobucket.com,Male,239.85.153.194
279,Bertrand,Muzzi,bmuzzi7q@cpanel.net,Male,56.66.94.57
280,Lethia,Maydway,lmaydway7r@bloglovin.com,Female,101.105.58.189
281,Janith,Peggrem,jpeggrem7s@yahoo.co.jp,Female,16.181.45.163
282,Estel,De Moreno,edemoreno7t@blogger.com,Female,190.173.101.125
283,Raimundo,Hallward,rhallward7u@taobao.com,Male,173.28.148.15
284,Atlanta,Chasemoore,achasemoore7v@wsj.com,Female,116.149.10.190
285,Sullivan,Lackeye,slackeye7w@ezinearticles.com,Male,193.10.51.179
286,Garner,Persehouse,gpersehouse7x@google.ca,Male,131.75.179.58
287,Shelba,Nodes,snodes7y@usa.gov,Female,189.98.168.16
288,Cori,Coite,ccoite7z@deliciousdays.com,Female,3.31.80.28
289,Ailey,Pitfield,apitfield80@blogspot.com,Female,150.70.104.144
290,Natalina,Spiaggia,nspiaggia81@google.es,Female,124.85.181.133
291,Avivah,Pietruszewicz,apietruszewicz82@biblegateway.com,Female,154.208.34.24
292,Vincents,Dougharty,vdougharty83@amazonaws.com,Male,179.214.130.121
293,Ignacius,Heart,iheart84@e-recht24.de,Male,133.37.54.137
294,Gerda,Faull,gfaull85@imgur.com,Female,106.119.196.225
295,Cindra,Callway,ccallway86@comsenz.com,Female,241.79.216.125
296,Viole,Rashleigh,vrashleigh87@gnu.org,Female,189.217.237.21
297,Gypsy,Frankham,gfrankham88@360.cn,Female,0.228.252.145
298,Antonino,Godwin,agodwin89@apache.org,Male,22.94.73.162
299,Ynes,Janz,yjanz8a@networksolutions.com,Female,207.72.79.146
300,Daryle,Sterricks,dsterricks8b@tiny.cc,Male,51.40.228.49
301,Ange,Mawson,amawson8c@census.gov,Male,133.111.10.126
302,Ignatius,Fairney,ifairney8d@wiley.com,Male,118.83.239.233
303,Tallie,McGilbon,tmcgilbon8e@liveinternet.ru,Female,133.193.178.242
304,Gale,Hegden,ghegden8f@twitter.com,Female,108.199.149.71
305,Ingar,Slimmon,islimmon8g@google.com.hk,Male,190.35.135.100
306,Martha,Francesconi,mfrancesconi8h@usgs.gov,Female,185.133.226.39
307,Jessi,Heatlie,jheatlie8i@ibm.com,Female,145.212.21.135
308,Bobby,Beecker,bbeecker8j@thetimes.co.uk,Male,81.176.126.103
309,Bobby,Horsted,bhorsted8k@utexas.edu,Male,35.245.52.184
310,Katharine,Tunstall,ktunstall8l@g.co,Female,16.48.37.76
311,Sada,Fiander,sfiander8m@nps.gov,Female,158.111.139.106
312,Karyn,Spilisy,kspilisy8n@qq.com,Female,194.227.229.103
313,Kendre,Mannion,kmannion8o@ocn.ne.jp,Female,4.192.45.128
314,Aurea,Brimelow,abrimelow8p@posterous.com,Female,62.126.185.126
315,Rosita,Staines,rstaines8q@addthis.com,Female,99.233.27.73
316,Reube,Lloyd,rlloyd8r@vkontakte.ru,Male,235.41.46.198
317,Kingsley,Merner,kmerner8s@amazon.de,Male,28.135.76.149
318,Alexander,Fonso,afonso8t@independent.co.uk,Male,203.80.19.38
319,Janina,McNirlin,jmcnirlin8u@businessinsider.com,Female,4.14.176.183
320,Omero,M'Barron,ombarron8v@csmonitor.com,Male,222.165.219.170
321,Leonhard,Strephan,lstrephan8w@aboutads.info,Male,19.124.94.34
322,Feodor,Dwelling,fdwelling8x@prnewswire.com,Male,36.169.192.143
323,Nerti,Bampton,nbampton8y@bing.com,Female,69.113.134.214
324,Sholom,Meadus,smeadus8z@comsenz.com,Male,221.244.212.48
325,Ivan,Texton,itexton90@tripadvisor.com,Male,235.77.177.179
326,Georgy,Schooling,gschooling91@wikia.com,Male,115.106.139.130
327,Jordan,Toderi,jtoderi92@vk.com,Female,231.71.147.213
328,Roderich,Collecott,rcollecott93@nsw.gov.au,Male,0.87.67.162
329,Oralle,Scottesmoor,oscottesmoor94@yelp.com,Female,14.8.126.87
330,Stacee,Autry,sautry95@wp.com,Male,220.187.156.21
331,Lida,Arnoud,larnoud96@jimdo.com,Female,92.198.124.43
332,Mohammed,Camber,mcamber97@photobucket.com,Male,231.177.80.194
333,Marni,Habard,mhabard98@mozilla.com,Female,118.119.152.227
334,Gerrie,De Dei,gdedei99@howstuffworks.com,Male,108.134.170.220
335,Nollie,Shelp,nshelp9a@i2i.jp,Male,248.247.250.58
336,Robyn,Le Brum,rlebrum9b@marketwatch.com,Female,157.195.127.156
337,Rollins,Carluccio,rcarluccio9c@washingtonpost.com,Male,97.79.243.110
338,Tiphany,Tomek,ttomek9d@networkadvertising.org,Female,137.151.149.112
339,Jeremie,Gumm,jgumm9e@facebook.com,Male,244.147.225.51
340,Cristina,Spleving,cspleving9f@free.fr,Female,186.33.98.238
341,Darby,Dybald,ddybald9g@shop-pro.jp,Male,38.9.59.160
342,Brunhilda,Unworth,bunworth9h@goodreads.com,Female,238.229.97.16
343,Griz,Durning,gdurning9i@kickstarter.com,Male,141.149.76.179
344,Dieter,Colyer,dcolyer9j@acquirethisname.com,Male,148.173.147.194
345,Carissa,Paffot,cpaffot9k@cdc.gov,Female,200.100.167.184
346,Lettie,Felstead,lfelstead9l@cnn.com,Female,70.168.191.50
347,Abelard,Koppen,akoppen9m@cloudflare.com,Male,64.92.79.230
348,Raleigh,Dalinder,rdalinder9n@last.fm,Male,205.0.76.49
349,Abran,Lepope,alepope9o@tumblr.com,Male,187.52.111.81
350,Crosby,Hasluck,chasluck9p@creativecommons.org,Male,54.230.168.55
351,Ethelda,Veysey,eveysey9q@ucoz.com,Female,155.132.78.23
352,Godart,Arnald,garnald9r@usatoday.com,Male,64.157.147.233
353,Leicester,Belchamber,lbelchamber9s@goo.gl,Male,179.79.55.22
354,Giulietta,Kolak,gkolak9t@cbc.ca,Female,7.48.25.38
355,Margy,Castles,mcastles9u@biblegateway.com,Female,12.136.72.13
356,Etta,Baraclough,ebaraclough9v@about.com,Female,94.78.150.120
357,Greta,Pulley,gpulley9w@bandcamp.com,Female,65.114.70.232
358,Corabel,Barette,cbarette9x@ihg.com,Female,241.0.200.79
359,Faye,McGorley,fmcgorley9y@unc.edu,Female,57.204.58.247
360,Dorey,Woodrough,dwoodrough9z@simplemachines.org,Male,95.25.46.169
361,Cristabel,Siggens,csiggensa0@mozilla.com,Female,77.41.37.77
362,Si,Teodorski,steodorskia1@un.org,Male,189.210.70.133
363,Buffy,Pinor,bpinora2@discuz.net,Female,206.17.183.194
364,Aidan,Maymond,amaymonda3@home.pl,Female,173.13.111.187
365,Malia,Pettifer,mpettifera4@salon.com,Female,178.163.208.240
366,Chane,Rutigliano,crutiglianoa5@mtv.com,Male,80.196.220.23
367,Igor,Ridoutt,iridoutta6@wikia.com,Male,182.25.34.18
368,Caz,Merwede,cmerwedea7@jugem.jp,Male,213.180.84.110
369,Meyer,Chucks,mchucksa8@mlb.com,Male,174.70.251.237
370,Vicky,Wilcher,vwilchera9@hexun.com,Female,62.201.179.222
371,Nancee,Portman,nportmanaa@chron.com,Female,195.34.139.57
372,Reuven,Brattan,rbrattanab@t.co,Male,209.193.250.134
373,Haskel,Hollier,hhollierac@walmart.com,Male,194.243.176.213
374,Ethe,Trank,etrankad@vistaprint.com,Male,211.54.73.192
375,Rowe,Scading,rscadingae@zimbio.com,Female,254.164.180.17
376,Creight,Jagoe,cjagoeaf@unesco.org,Male,156.170.15.181
377,Julianne,Errett,jerrettag@cnet.com,Female,80.105.2.44
378,Diarmid,Itzhaiek,ditzhaiekah@patch.com,Male,2.96.222.218
379,Alfred,Eberdt,aeberdtai@sfgate.com,Male,52.220.218.227
380,Immanuel,Cough,icoughaj@last.fm,Male,156.229.37.150
381,Alyss,Chuney,achuneyak@paginegialle.it,Female,74.205.167.167
382,De,Newgrosh,dnewgroshal@chronoengine.com,Female,13.30.170.45
383,Glad,Walasik,gwalasikam@joomla.org,Female,108.244.100.151
384,Stormi,Phinn,sphinnan@macromedia.com,Female,9.173.114.8
385,Teddie,Danniell,tdanniellao@wikimedia.org,Female,242.24.211.4
386,Layton,Jagiello,ljagielloap@mozilla.com,Male,65.40.178.191
387,Heinrick,Twyford,htwyfordaq@epa.gov,Male,92.210.58.61
388,Finley,Berth,fberthar@mayoclinic.com,Male,26.192.97.174
389,Brenden,Coffin,bcoffinas@technorati.com,Male,40.192.184.68
390,Cash,Pass,cpassat@google.com.hk,Male,239.74.129.229
391,Ruggiero,Zucker,rzuckerau@ebay.com,Male,188.54.53.107
392,Martainn,Stollenbeck,mstollenbeckav@wp.com,Male,90.134.147.248
393,Tad,Dugood,tdugoodaw@google.com.br,Male,49.217.216.55
394,Roby,Handasyde,rhandasydeax@examiner.com,Female,152.129.100.65
395,Jervis,Deere,jdeereay@nih.gov,Male,226.11.60.3
396,Raphaela,Cayser,rcayseraz@flavors.me,Female,193.32.91.134
397,Stan,Carletti,scarlettib0@gnu.org,Male,188.13.27.253
398,Jerrilee,Hardington,jhardingtonb1@nifty.com,Female,231.235.135.83
399,Gordan,Aleksahkin,galeksahkinb2@biglobe.ne.jp,Male,33.32.147.177
400,Pebrook,Molesworth,pmolesworthb3@51.la,Male,69.205.89.4
401,Tori,Whittock,twhittockb4@ow.ly,Female,89.28.108.108
402,Coleen,Ottewell,cottewellb5@cnet.com,Female,68.94.70.244
403,Dud,Crisford,dcrisfordb6@cnet.com,Male,34.166.157.169
404,Tamma,Slowcock,tslowcockb7@cloudflare.com,Female,236.195.220.141
405,Rudyard,MacKereth,rmackerethb8@columbia.edu,Male,39.227.91.223
406,Kimmy,Tallow,ktallowb9@seesaa.net,Female,137.178.71.126
407,Annelise,Spreull,aspreullba@uol.com.br,Female,102.169.241.250
408,Germana,Prattington,gprattingtonbb@ocn.ne.jp,Female,178.102.187.22
409,Filippo,Stefanovic,fstefanovicbc@live.com,Male,158.73.231.227
410,Johnna,Stones,jstonesbd@rakuten.co.jp,Female,63.134.160.52
411,Valencia,Visick,vvisickbe@hugedomains.com,Female,195.140.218.203
412,Maurine,Bowra,mbowrabf@angelfire.com,Female,231.233.90.216
413,Whit,Lippi,wlippibg@youku.com,Male,243.25.30.237
414,Jasmin,Dolbey,jdolbeybh@mayoclinic.com,Female,199.149.14.154
415,Isak,Becraft,ibecraftbi@rakuten.co.jp,Male,30.228.223.16
416,Bartram,Kubes,bkubesbj@blogs.com,Male,43.207.253.100
417,Joella,Balston,jbalstonbk@soundcloud.com,Female,49.132.245.166
418,Fifi,MacPeake,fmacpeakebl@yolasite.com,Female,199.32.126.127
419,Janek,Hutchens,jhutchensbm@ow.ly,Male,175.8.201.62
420,Rockie,Kasbye,rkasbyebn@economist.com,Male,222.249.227.17
421,Shoshana,Killigrew,skilligrewbo@networksolutions.com,Female,185.26.141.170
422,Ree,Ingraham,ringrahambp@pen.io,Female,69.172.249.120
423,Jennie,Clowes,jclowesbq@alibaba.com,Female,12.79.190.225
424,Hercule,Potkin,hpotkinbr@opera.com,Male,53.64.33.241
425,Shandra,Vanyutin,svanyutinbs@icq.com,Female,191.251.227.118
426,Anson,Gallager,agallagerbt@time.com,Male,36.57.26.4
427,Roby,Purbrick,rpurbrickbu@vistaprint.com,Female,148.169.145.77
428,Aleksandr,Warke,awarkebv@boston.com,Male,27.77.60.155
429,Nessa,Gravells,ngravellsbw@aol.com,Female,238.85.215.141
430,Ashbey,Aldcorn,aaldcornbx@engadget.com,Male,104.151.42.183
431,Jaime,Ashbey,jashbeyby@last.fm,Female,239.9.203.100
432,Gabe,Cuchey,gcucheybz@creativecommons.org,Male,58.185.29.94
433,Dallis,Dolder,ddolderc0@imdb.com,Male,224.230.253.184
434,Ingra,Dilston,idilstonc1@ning.com,Male,213.79.247.70
435,Porty,Novakovic,pnovakovicc2@businessinsider.com,Male,26.150.118.18
436,Vivyan,Friberg,vfribergc3@csmonitor.com,Female,202.143.92.249
437,Taber,Davidesco,tdavidescoc4@imdb.com,Male,58.181.243.71
438,Anatollo,Sketch,asketchc5@earthlink.net,Male,211.250.137.19
439,Wilfrid,Orgel,worgelc6@omniture.com,Male,147.95.72.9
440,Christie,Stickney,cstickneyc7@webmd.com,Male,111.222.183.254
441,Gherardo,Tredget,gtredgetc8@freewebs.com,Male,77.220.161.251
442,Lora,Vernon,lvernonc9@cyberchimps.com,Female,209.182.73.74
443,Bear,Draaisma,bdraaismaca@163.com,Male,228.47.144.117
444,Chandler,Jewell,cjewellcb@nhs.uk,Male,240.242.169.110
445,Prentice,Ravilus,praviluscc@lulu.com,Male,64.155.155.37
446,Edgardo,Manvelle,emanvellecd@moonfruit.com,Male,106.123.174.68
447,Brook,Spaight,bspaightce@pagesperso-orange.fr,Male,128.34.145.67
448,Alexi,Hardiker,ahardikercf@themeforest.net,Female,84.93.181.125
449,Merlina,Fisby,mfisbycg@cloudflare.com,Female,14.242.253.57
450,Rebeka,Petrasch,rpetraschch@independent.co.uk,Female,65.110.147.203
451,Donella,Bundey,dbundeyci@yellowpages.com,Female,66.80.131.231
452,Garwood,Phillcock,gphillcockcj@slashdot.org,Male,95.80.172.7
453,Farley,Troth,ftrothck@engadget.com,Male,215.67.84.133
454,Anica,Denne,adennecl@sun.com,Female,107.176.171.33
455,Sayre,Greschke,sgreschkecm@independent.co.uk,Female,212.229.151.14
456,Karlie,Verbruggen,kverbruggencn@barnesandnoble.com,Female,234.123.137.240
457,Bret,Catley,bcatleyco@google.com.br,Male,1.48.75.93
458,Natala,Epple,nepplecp@who.int,Female,18.152.93.144
459,Aristotle,Housecraft,ahousecraftcq@youtu.be,Male,169.148.58.252
460,Dante,Levane,dlevanecr@deliciousdays.com,Male,250.43.195.252
461,Elvin,Doy,edoycs@nba.com,Male,231.243.86.139
462,Stace,Commuzzo,scommuzzoct@parallels.com,Female,78.251.37.95
463,Blondie,Smye,bsmyecu@salon.com,Female,67.104.146.68
464,Cassie,Breddy,cbreddycv@telegraph.co.uk,Female,6.138.85.177
465,Maynard,Pottell,mpottellcw@jiathis.com,Male,174.7.73.21
466,Jareb,Cuchey,jcucheycx@bing.com,Male,71.117.249.143
467,Jarib,Houseago,jhouseagocy@cdc.gov,Male,19.172.214.217
468,Hort,Warlock,hwarlockcz@guardian.co.uk,Male,145.182.204.55
469,Izak,Trayling,itraylingd0@webmd.com,Male,61.193.194.161
470,Terrel,Burkhill,tburkhilld1@ow.ly,Male,179.120.227.185
471,Claribel,Andrys,candrysd2@yellowpages.com,Female,76.132.6.15
472,Auria,Crum,acrumd3@scribd.com,Female,226.7.64.213
473,Arv,Degue,adegued4@liveinternet.ru,Male,26.179.129.87
474,Joan,Treppas,jtreppasd5@unicef.org,Female,203.221.108.232
475,Bettine,Steptowe,bsteptowed6@shareasale.com,Female,173.202.237.78
476,Shawna,Phillimore,sphillimored7@indiatimes.com,Female,246.219.112.39
477,Kaela,Dunne,kdunned8@cdc.gov,Female,9.138.97.118
478,Russ,Woodfin,rwoodfind9@51.la,Male,180.164.75.254
479,Merwyn,McIlvenny,mmcilvennyda@kickstarter.com,Male,160.217.31.178
480,Liliane,Vinick,lvinickdb@irs.gov,Female,246.183.224.253
481,Leigh,Labet,llabetdc@desdev.cn,Male,253.249.57.163
482,Ham,Juden,hjudendd@rambler.ru,Male,57.26.61.44
483,Johanna,Dillimore,jdillimorede@businessweek.com,Female,152.246.13.20
484,Zacharia,Giacobo,zgiacobodf@delicious.com,Male,15.37.242.130
485,Neal,Andreacci,nandreaccidg@salon.com,Male,194.127.180.70
486,Sunny,Tumilson,stumilsondh@oakley.com,Male,128.42.150.183
487,Rod,Cator,rcatordi@dailymail.co.uk,Male,21.29.98.236
488,Anderea,Pedracci,apedraccidj@lulu.com,Female,176.122.255.130
489,Sabra,Stoving,sstovingdk@mapquest.com,Female,148.91.184.245
490,Hershel,Hunnisett,hhunnisettdl@constantcontact.com,Male,241.6.163.0
491,Nev,Yablsley,nyablsleydm@yandex.ru,Male,135.171.100.137
492,Kennedy,Bewley,kbewleydn@360.cn,Male,56.226.8.41
493,Mahmoud,Shilladay,mshilladaydo@npr.org,Male,212.42.196.172
494,Clementius,Gorwood,cgorwooddp@printfriendly.com,Male,101.157.196.221
495,Mathian,Wattingham,mwattinghamdq@cmu.edu,Male,153.16.183.116
496,Jonas,Gledhall,jgledhalldr@privacy.gov.au,Male,166.120.241.209
497,Sybyl,Stuttard,sstuttardds@un.org,Female,114.108.128.27
498,Elyn,Adrien,eadriendt@exblog.jp,Female,186.252.212.4
499,Em,McGuggy,emcguggydu@ycombinator.com,Male,141.185.155.120
500,Hercules,Polland,hpollanddv@marriott.com,Male,80.242.148.107
501,Jonell,Rappoport,jrappoportdw@symantec.com,Female,3.71.137.205
502,Florian,Crofts,fcroftsdx@ask.com,Male,76.212.188.215
503,Syman,Kittles,skittlesdy@aboutads.info,Male,42.192.45.104
504,Ediva,Oldroyde,eoldroydedz@about.com,Female,126.237.154.98
505,Mitchel,Ducarel,mducarele0@addthis.com,Male,89.115.250.44
506,Stacee,Murrie,smurriee1@virginia.edu,Male,17.48.27.188
507,Ellery,Danaher,edanahere2@dailymail.co.uk,Male,93.241.140.53
508,Alix,Skyram,askyrame3@senate.gov,Male,39.174.105.63
509,Jessie,Excell,jexcelle4@gmpg.org,Female,33.236.102.71
510,Byran,Whithorn,bwhithorne5@samsung.com,Male,253.23.47.244
511,Blondy,Robarts,brobartse6@dailymail.co.uk,Female,146.71.216.56
512,Konstanze,Mc Combe,kmccombee7@cyberchimps.com,Female,218.250.154.54
513,Abran,Bambery,abamberye8@chronoengine.com,Male,205.44.180.63
514,Hillier,Duffell,hduffelle9@soundcloud.com,Male,89.251.15.84
515,Carolin,Aronowitz,caronowitzea@qq.com,Female,194.223.86.44
516,Moishe,Moriarty,mmoriartyeb@columbia.edu,Male,176.197.180.52
517,Bar,Cutler,bcutlerec@indiegogo.com,Male,54.131.79.192
518,Jamima,Measey,jmeaseyed@wp.com,Female,134.87.21.6
519,Dannie,Moughton,dmoughtonee@google.com,Female,239.174.198.61
520,Nicko,Slayford,nslayfordef@360.cn,Male,184.231.213.240
521,Analiese,Sills,asillseg@deliciousdays.com,Female,247.228.146.101
522,Zaria,Swinfen,zswinfeneh@japanpost.jp,Female,187.62.89.6
523,Hamnet,Insall,hinsallei@china.com.cn,Male,101.127.51.194
524,Teador,Maskell,tmaskellej@creativecommons.org,Male,236.254.228.174
525,Vivian,Richardin,vrichardinek@behance.net,Female,1.167.253.16
526,Emanuele,Downie,edownieel@gnu.org,Male,165.1.214.191
527,Bevvy,Varvell,bvarvellem@businesswire.com,Female,86.147.151.184
528,Maudie,Kuhne,mkuhneen@miitbeian.gov.cn,Female,140.55.4.233
529,Muhammad,Springall,mspringalleo@businesswire.com,Male,60.45.90.200
530,Dalis,Stancer,dstancerep@unicef.org,Male,130.82.187.234
531,Geraldine,Sendley,gsendleyeq@google.co.jp,Female,82.60.8.171
532,Clemente,Crathern,ccratherner@instagram.com,Male,185.27.59.236
533,Cleavland,Swindall,cswindalles@free.fr,Male,158.54.225.151
534,Rose,Scalera,rscaleraet@dyndns.org,Female,244.203.213.228
535,Thorin,Andell,tandelleu@time.com,Male,234.184.225.99
536,Isidora,Riccardi,iriccardiev@ovh.net,Female,94.135.56.33
537,Amber,Linggood,alinggoodew@apache.org,Female,22.163.121.119
538,Aubrey,Ferencowicz,aferencowiczex@php.net,Female,45.71.96.37
539,Mohammed,McIlwraith,mmcilwraithey@jugem.jp,Male,85.194.91.161
540,Wandie,Thresher,wthresherez@furl.net,Female,74.249.17.112
541,Bartram,Ortiga,bortigaf0@squarespace.com,Male,108.153.183.82
542,Rona,Rowlson,rrowlsonf1@uol.com.br,Female,212.5.30.116
543,Arabele,Stobbie,astobbief2@tuttocitta.it,Female,155.186.217.152
544,Amalita,Charity,acharityf3@deliciousdays.com,Female,221.250.23.93
545,Brig,Instone,binstonef4@joomla.org,Male,182.5.65.47
546,Brandais,Macias,bmaciasf5@xing.com,Female,125.182.18.145
547,Merrel,Braunds,mbraundsf6@sciencedirect.com,Male,116.16.149.122
548,Francisca,Mobbs,fmobbsf7@adobe.com,Female,3.17.176.164
549,Daphna,Dominelli,ddominellif8@biblegateway.com,Female,229.250.12.33
550,Ciel,Merry,cmerryf9@aboutads.info,Female,116.176.239.173
551,Bert,Elmhirst,belmhirstfa@ebay.com,Male,8.60.126.75
552,Thorstein,Sighart,tsighartfb@nps.gov,Male,114.46.8.228
553,Binni,Kingsnode,bkingsnodefc@epa.gov,Female,30.226.85.224
554,Josee,Dolohunty,jdolohuntyfd@wired.com,Female,131.201.205.130
555,Darleen,Chasles,dchaslesfe@ucoz.com,Female,112.54.148.123
556,Eward,Cran,ecranff@usda.gov,Male,237.187.94.71
557,Fey,Strippel,fstrippelfg@noaa.gov,Female,158.30.254.7
558,Pancho,Fanton,pfantonfh@bloomberg.com,Male,16.155.183.143
559,Farly,Geraldini,fgeraldinifi@photobucket.com,Male,143.225.224.75
560,Rusty,Peiser,rpeiserfj@last.fm,Male,11.135.158.141
561,Erinn,Jerrand,ejerrandfk@hubpages.com,Female,168.243.53.26
562,Marchelle,Stollen,mstollenfl@paginegialle.it,Female,249.85.210.217
563,Abe,Kidston,akidstonfm@blogger.com,Male,247.219.192.166
564,Mattheus,Fisbburne,mfisbburnefn@gmpg.org,Male,195.38.112.129
565,Catlee,Creasey,ccreaseyfo@icq.com,Female,131.64.44.56
566,Johan,De Ruggero,jderuggerofp@elpais.com,Male,118.102.149.37
567,Ronica,Paice,rpaicefq@cnn.com,Female,202.198.250.108
568,Hagan,Janda,hjandafr@theatlantic.com,Male,3.108.237.70
569,Donni,Crux,dcruxfs@github.io,Female,23.90.107.216
570,Ottilie,Arpur,oarpurft@indiegogo.com,Female,112.39.241.5
571,Eba,Ferroni,eferronifu@independent.co.uk,Female,173.162.20.218
572,Sofia,Laverick,slaverickfv@fda.gov,Female,214.247.178.196
573,Linzy,Seacroft,lseacroftfw@stanford.edu,Female,3.159.210.187
574,Murry,Kentish,mkentishfx@netlog.com,Male,167.87.192.8
575,Garvey,Thomazet,gthomazetfy@japanpost.jp,Male,29.116.151.63
576,Sutherland,Warsap,swarsapfz@infoseek.co.jp,Male,163.72.71.162
577,Lara,Sollime,lsollimeg0@sogou.com,Female,67.176.103.21
578,Alexander,Leyban,aleybang1@fda.gov,Male,42.247.138.144
579,Daveta,Hardcastle,dhardcastleg2@1und1.de,Female,184.232.132.150
580,Tiffany,Faill,tfaillg3@deliciousdays.com,Female,156.94.36.238
581,Ulric,Mushart,umushartg4@marriott.com,Male,194.87.192.162
582,Elicia,Lewsey,elewseyg5@github.io,Female,184.204.217.212
583,Arvie,Stilwell,astilwellg6@noaa.gov,Male,119.43.14.109
584,Ed,Coughlin,ecoughling7@google.it,Male,139.127.252.78
585,Raina,Aindrais,raindraisg8@liveinternet.ru,Female,124.112.21.131
586,Nelli,Blanden,nblandeng9@walmart.com,Female,25.74.79.230
587,Marquita,Teague,mteaguega@360.cn,Female,20.152.146.41
588,Yance,Anders,yandersgb@ebay.co.uk,Male,137.230.31.52
589,Stanislaw,Ghione,sghionegc@slate.com,Male,199.251.37.83
590,Hartwell,Dunsmuir,hdunsmuirgd@soup.io,Male,245.106.204.137
591,Euphemia,Kitchinham,ekitchinhamge@indiatimes.com,Female,137.2.218.153
592,Aldwin,Braven,abravengf@pinterest.com,Male,221.23.37.217
593,Randy,Bart,rbartgg@dion.ne.jp,Female,196.235.181.107
594,Raddie,Haldenby,rhaldenbygh@dailymail.co.uk,Male,243.215.62.208
595,Brynne,Ebbotts,bebbottsgi@php.net,Female,111.171.236.119
596,Marga,Humm,mhummgj@discuz.net,Female,81.204.226.169
597,Reena,Estevez,restevezgk@unblog.fr,Female,223.79.147.112
598,Denny,Crampsy,dcrampsygl@oracle.com,Female,206.25.228.13
599,Rogerio,Mattacks,rmattacksgm@google.com.br,Male,230.108.6.64
600,Laurianne,Pottiphar,lpottiphargn@desdev.cn,Female,161.181.50.246
601,Annadiane,De Blasi,adeblasigo@paginegialle.it,Female,175.121.128.165
602,Liam,Villalta,lvillaltagp@spotify.com,Male,239.165.25.151
603,Tan,Ellershaw,tellershawgq@ifeng.com,Male,146.47.188.61
604,Eduino,Garlinge,egarlingegr@discuz.net,Male,202.123.63.81
605,Rogerio,Hellcat,rhellcatgs@cbsnews.com,Male,68.95.225.45
606,Elia,Dacey,edaceygt@buzzfeed.com,Male,147.242.106.145
607,Alisun,MacCague,amaccaguegu@sbwire.com,Female,4.180.82.11
608,Tommy,Dickenson,tdickensongv@vimeo.com,Female,163.40.150.158
609,Kim,Livingstone,klivingstonegw@eepurl.com,Male,59.194.213.174
610,Nickie,Dowyer,ndowyergx@taobao.com,Female,60.32.147.9
611,Emelina,Adame,eadamegy@adobe.com,Female,8.153.128.190
612,Claribel,Rushmer,crushmergz@istockphoto.com,Female,221.31.14.97
613,Elle,Fewless,efewlessh0@rambler.ru,Female,251.92.187.64
614,Kitty,Argent,kargenth1@woothemes.com,Female,204.165.136.213
615,Prudi,Ketton,pkettonh2@nsw.gov.au,Female,170.36.110.3
616,Barclay,Olenin,boleninh3@vkontakte.ru,Male,41.195.61.221
617,Steven,Lidgley,slidgleyh4@npr.org,Male,111.129.186.116
618,Clareta,Bear,cbearh5@bloglines.com,Female,96.44.106.191
619,Dennie,Latan,dlatanh6@gravatar.com,Male,125.165.242.75
620,Bordie,Pawlyn,bpawlynh7@netscape.com,Male,46.32.178.32
621,Devan,Rimour,drimourh8@icq.com,Female,161.155.219.187
622,Perl,Baldini,pbaldinih9@sina.com.cn,Female,117.40.106.132
623,Andy,Nannetti,anannettiha@tumblr.com,Male,127.99.246.205
624,Mathe,Reeves,mreeveshb@booking.com,Male,200.187.205.156
625,Royal,MacAnulty,rmacanultyhc@go.com,Male,242.118.52.120
626,Willdon,Broschek,wbroschekhd@wunderground.com,Male,166.27.231.241
627,Warde,Clegg,wclegghe@angelfire.com,Male,120.239.166.138
628,Frannie,Deller,fdellerhf@tinyurl.com,Male,204.12.110.37
629,Iorgos,Baxster,ibaxsterhg@domainmarket.com,Male,52.95.85.81
630,Trudey,Narracott,tnarracotthh@goo.gl,Female,25.89.235.108
631,Jammie,Bewshire,jbewshirehi@tuttocitta.it,Female,154.199.121.129
632,Gillie,Atley,gatleyhj@usa.gov,Female,155.67.38.73
633,Marjory,Aireton,mairetonhk@google.co.jp,Female,83.26.35.226
634,Ikey,Gillings,igillingshl@tinyurl.com,Male,212.161.61.140
635,Effie,Palphreyman,epalphreymanhm@skyrock.com,Female,176.61.41.117
636,Yule,Matthisson,ymatthissonhn@gizmodo.com,Male,163.34.106.118
637,Mallory,Fabbri,mfabbriho@spiegel.de,Male,28.232.125.78
638,Giusto,Bucklan,gbucklanhp@pagesperso-orange.fr,Male,25.121.36.196
639,Charis,Husselbee,chusselbeehq@flickr.com,Female,254.208.237.5
640,Vivyan,Barfford,vbarffordhr@mashable.com,Female,9.144.251.18
641,Jo-anne,Erlam,jerlamhs@usda.gov,Female,100.69.198.159
642,Gwenora,Whinney,gwhinneyht@cargocollective.com,Female,10.246.146.19
643,Wallis,Bedinham,wbedinhamhu@clickbank.net,Male,73.237.127.206
644,Issie,Kolak,ikolakhv@ezinearticles.com,Female,109.61.207.231
645,Aldo,Wynrahame,awynrahamehw@liveinternet.ru,Male,101.197.8.48
646,Rochella,Bishop,rbishophx@t-online.de,Female,81.193.85.161
647,Ilyse,Hancill,ihancillhy@guardian.co.uk,Female,253.251.66.142
648,Cahra,Bunclark,cbunclarkhz@ucoz.ru,Female,229.197.71.72
649,Ulick,Muckle,umucklei0@people.com.cn,Male,41.117.191.38
650,Jermayne,Antyukhin,jantyukhini1@sphinn.com,Male,255.172.243.228
651,Malvin,Dassindale,mdassindalei2@tripod.com,Male,28.124.27.75
652,Jehanna,Varsey,jvarseyi3@tamu.edu,Female,211.225.229.46
653,Lusa,Sporton,lsportoni4@gov.uk,Female,152.162.105.14
654,Curt,Henbury,chenburyi5@github.io,Male,200.187.40.47
655,Minta,Hawke,mhawkei6@shareasale.com,Female,97.233.134.139
656,Seth,Sandham,ssandhami7@t-online.de,Male,117.3.228.89
657,Yoshi,Maffeo,ymaffeoi8@webnode.com,Female,134.167.9.113
658,Hakeem,Hatt,hhatti9@reference.com,Male,86.106.48.90
659,Jerry,Parkin,jparkinia@vk.com,Female,4.76.192.74
660,Binnie,Sauvan,bsauvanib@yale.edu,Female,129.254.103.55
661,Roxana,Raiker,rraikeric@si.edu,Female,46.17.19.16
662,Aldwin,Tidmarsh,atidmarshid@slashdot.org,Male,41.182.109.69
663,Shaine,Insall,sinsallie@miibeian.gov.cn,Male,185.12.205.45
664,Hurlee,Damp,hdampif@nhs.uk,Male,20.46.121.250
665,Edvard,Yeatman,eyeatmanig@google.de,Male,17.39.108.157
666,Sue,Bernardotte,sbernardotteih@wordpress.com,Female,155.150.234.198
667,Chiquia,Belsham,cbelshamii@alibaba.com,Female,141.129.121.128
668,Emelen,Boldock,eboldockij@yellowpages.com,Male,232.161.55.167
669,Denyse,Bentinck,dbentinckik@sciencedaily.com,Female,72.31.153.75
670,Tate,Hasnney,thasnneyil@webmd.com,Female,243.218.103.43
671,Katleen,Peterffy,kpeterffyim@chronoengine.com,Female,19.20.106.223
672,Gena,Furnival,gfurnivalin@is.gd,Female,178.166.106.254
673,Simonette,Mougeot,smougeotio@4shared.com,Female,103.112.88.152
674,Dianemarie,Emilien,demilienip@skype.com,Female,139.7.230.188
675,Elfie,Thewlis,ethewlisiq@pagesperso-orange.fr,Female,252.12.168.206
676,Ki,Renihan,krenihanir@patch.com,Female,198.210.7.173
677,Avigdor,Bezarra,abezarrais@who.int,Male,123.45.12.55
678,Zebadiah,Seson,zsesonit@blinklist.com,Male,7.96.99.40
679,Robbert,Ansell,ranselliu@geocities.jp,Male,80.15.237.204
680,Val,Danovich,vdanovichiv@reverbnation.com,Male,232.199.6.235
681,Pavel,Rubbens,prubbensiw@123-reg.co.uk,Male,70.25.15.60
682,Griffith,Courtliff,gcourtliffix@studiopress.com,Male,95.184.27.202
683,Benjy,Worling,bworlingiy@de.vu,Male,104.191.49.247
684,Randal,Berr,rberriz@theguardian.com,Male,139.41.37.102
685,Kerry,Anderbrugge,kanderbruggej0@businessweek.com,Male,175.158.213.16
686,Dominique,Costelow,dcostelowj1@bloglines.com,Female,26.53.37.208
687,Brooke,Danick,bdanickj2@zdnet.com,Male,104.254.84.251
688,Carlina,Carsey,ccarseyj3@netlog.com,Female,95.234.229.198
689,Cad,Clemett,cclemettj4@usnews.com,Male,118.94.24.56
690,Juanita,Powrie,jpowriej5@typepad.com,Female,72.61.147.119
691,Aurelie,Paliser,apaliserj6@howstuffworks.com,Female,239.80.159.134
692,Danny,Ogborn,dogbornj7@guardian.co.uk,Female,147.70.73.221
693,Quincey,Ferencz,qferenczj8@utexas.edu,Male,142.37.57.207
694,Gabriellia,Downie,gdowniej9@canalblog.com,Female,198.95.163.217
695,Reine,Gianiello,rgianielloja@comsenz.com,Female,154.155.253.175
696,Cesaro,Daynter,cdaynterjb@ucoz.com,Male,225.217.180.238
697,Berti,Febvre,bfebvrejc@redcross.org,Male,141.155.225.50
698,Virgie,Caldaro,vcaldarojd@state.tx.us,Male,220.235.140.171
699,Danica,Veracruysse,dveracruysseje@nifty.com,Female,15.242.86.142
700,Valry,Vasilischev,vvasilischevjf@reference.com,Female,19.218.25.47
701,Engelbert,Finkle,efinklejg@flickr.com,Male,21.63.174.83
702,Conrado,Dare,cdarejh@gravatar.com,Male,148.4.169.217
703,Orlando,Stapylton,ostapyltonji@java.com,Male,147.173.250.34
704,Jehanna,Matevushev,jmatevushevjj@goo.gl,Female,64.2.127.7
705,Corny,Cuolahan,ccuolahanjk@geocities.jp,Female,58.204.41.50
706,Tucky,Dugan,tduganjl@mtv.com,Male,22.177.86.40
707,Anatole,Iwanowski,aiwanowskijm@blinklist.com,Male,84.118.78.140
708,Britt,Zoppie,bzoppiejn@nhs.uk,Male,182.70.85.254
709,Talyah,Brockbank,tbrockbankjo@cpanel.net,Female,181.153.94.207
710,Clayborne,Fielden,cfieldenjp@salon.com,Male,113.28.137.130
711,Leonerd,Cattell,lcattelljq@purevolume.com,Male,183.127.37.14
712,Abramo,Treneman,atrenemanjr@newyorker.com,Male,73.170.233.50
713,Wayne,Blinder,wblinderjs@youku.com,Male,62.3.231.174
714,Joletta,Roughan,jroughanjt@topsy.com,Female,140.161.166.220
715,Tracy,Orwell,torwellju@dropbox.com,Female,145.151.18.117
716,Joyce,Gatheridge,jgatheridgejv@youtu.be,Female,186.33.11.39
717,Kanya,Keene,kkeenejw@seattletimes.com,Female,180.246.200.183
718,Cal,Wathan,cwathanjx@tumblr.com,Male,161.92.220.247
719,Ozzie,Sollitt,osollittjy@sohu.com,Male,12.52.11.172
720,Dugald,MacEntee,dmacenteejz@t-online.de,Male,171.40.220.18
721,Granger,Tollet,gtolletk0@moonfruit.com,Male,115.160.33.64
722,Nicholle,Larchiere,nlarchierek1@soundcloud.com,Female,22.46.138.255
723,Georgianna,Stanman,gstanmank2@census.gov,Female,70.100.44.12
724,Cyrus,d' Eye,cdeyek3@narod.ru,Male,197.180.225.67
725,Caz,Linning,clinningk4@fastcompany.com,Male,130.162.114.152
726,Archibold,Lampart,alampartk5@furl.net,Male,134.36.216.223
727,Margo,Freeborne,mfreebornek6@ihg.com,Female,207.123.94.18
728,Brandy,Boow,bboowk7@columbia.edu,Male,67.159.142.31
729,Camey,Wooff,cwooffk8@elegantthemes.com,Male,124.107.106.176
730,Orsola,Lanfranconi,olanfranconik9@prlog.org,Female,191.36.102.159
731,Ryan,Doumerc,rdoumercka@ucla.edu,Male,71.99.144.230
732,Nerissa,Pikhno,npikhnokb@auda.org.au,Female,53.202.121.67
733,Adara,Portch,aportchkc@slideshare.net,Female,21.187.169.163
734,Charisse,Potteridge,cpotteridgekd@phoca.cz,Female,206.85.47.153
735,Janina,Tebbitt,jtebbittke@xrea.com,Female,24.167.160.154
736,Ellerey,Lashley,elashleykf@businesswire.com,Male,154.253.65.19
737,Reid,Housbie,rhousbiekg@addtoany.com,Male,165.184.139.138
738,Lin,Hallock,lhallockkh@homestead.com,Male,100.110.143.239
739,Horten,Westbrook,hwestbrookki@timesonline.co.uk,Male,37.203.121.134
740,Hugibert,Lipscomb,hlipscombkj@archive.org,Male,40.180.235.184
741,Marcela,Isley,misleykk@networksolutions.com,Female,196.61.149.167
742,Martina,Mosson,mmossonkl@state.gov,Female,130.235.220.237
743,Laryssa,Grundey,lgrundeykm@godaddy.com,Female,188.200.134.50
744,Allina,Timlin,atimlinkn@godaddy.com,Female,180.233.78.243
745,Beilul,Allin,ballinko@prweb.com,Female,8.160.172.164
746,Merna,Woolfenden,mwoolfendenkp@jimdo.com,Female,182.41.70.226
747,Gris,Goff,ggoffkq@dyndns.org,Male,155.21.93.110
748,Erroll,St. Ledger,estledgerkr@umn.edu,Male,136.25.129.144
749,Kat,Phette,kphetteks@sun.com,Female,120.52.127.186
750,Lock,Rizziello,lrizziellokt@edublogs.org,Male,73.213.191.213
751,Joleen,Welsh,jwelshku@parallels.com,Female,139.215.220.194
752,Leone,Waring,lwaringkv@si.edu,Female,244.209.181.75
753,Maxy,Tale,mtalekw@smugmug.com,Female,108.116.187.199
754,Meryl,Amorine,mamorinekx@europa.eu,Male,225.219.147.222
755,Kippy,Milillo,kmililloky@weibo.com,Male,234.221.177.207
756,Olympe,Winston,owinstonkz@smugmug.com,Female,92.225.245.68
757,Quinn,Gianullo,qgianullol0@addthis.com,Male,124.62.239.117
758,Marie-ann,Potzold,mpotzoldl1@forbes.com,Female,89.158.46.82
759,Elmo,Oddboy,eoddboyl2@narod.ru,Male,168.122.73.75
760,Dulcy,Antushev,dantushevl3@soup.io,Female,178.222.173.19
761,Chrissy,Marin,cmarinl4@wufoo.com,Male,19.114.141.114
762,Whitney,Oloshin,woloshinl5@istockphoto.com,Female,36.177.140.168
763,Abbie,Fairbourne,afairbournel6@mayoclinic.com,Female,186.14.135.34
764,Torrence,Senogles,tsenoglesl7@umich.edu,Male,52.173.253.87
765,Ashley,Spadaro,aspadarol8@sciencedaily.com,Female,78.216.204.186
766,Ailey,Armstrong,aarmstrongl9@japanpost.jp,Female,66.55.213.188
767,Jaquenetta,Sandy,jsandyla@dmoz.org,Female,108.16.142.239
768,Briano,Stoves,bstoveslb@upenn.edu,Male,142.65.246.96
769,Marylynne,McClory,mmcclorylc@xinhuanet.com,Female,234.135.5.167
770,Liane,Brun,lbrunld@tumblr.com,Female,158.49.115.27
771,Hunfredo,Driuzzi,hdriuzzile@state.tx.us,Male,238.45.91.13
772,Donni,Irving,dirvinglf@cbc.ca,Female,151.121.55.83
773,Caitrin,Hothersall,chothersalllg@mlb.com,Female,91.42.95.218
774,Dulciana,Petegre,dpetegrelh@is.gd,Female,220.0.47.52
775,Jodi,Chauvey,jchauveyli@sitemeter.com,Female,203.31.14.28
776,Pooh,Deplacido,pdeplacidolj@cornell.edu,Male,144.103.189.170
777,Hermie,Hazelhurst,hhazelhurstlk@samsung.com,Male,254.19.92.189
778,Etheline,Davidzon,edavidzonll@opensource.org,Female,148.240.20.39
779,Granny,Jirka,gjirkalm@wikia.com,Male,235.238.163.192
780,Ulises,Davidovici,udavidoviciln@yandex.ru,Male,144.15.67.12
781,Barbi,Spittles,bspittleslo@mlb.com,Female,43.120.21.37
782,Jacintha,Mularkey,jmularkeylp@thetimes.co.uk,Female,111.206.133.37
783,Alicia,Devonish,adevonishlq@facebook.com,Female,169.77.201.193
784,Keefe,Brun,kbrunlr@feedburner.com,Male,64.36.93.154
785,Gage,Scoble,gscoblels@mozilla.com,Male,9.62.82.37
786,Raf,Hannigane,rhanniganelt@ow.ly,Female,34.140.66.191
787,Ravi,Swatheridge,rswatheridgelu@intel.com,Male,49.26.194.120
788,Lily,Weben,lwebenlv@google.com.br,Female,81.49.175.218
789,Aksel,Brecon,abreconlw@ameblo.jp,Male,128.230.174.238
790,Edythe,Durman,edurmanlx@marriott.com,Female,1.143.89.230
791,Cirilo,Ayree,cayreely@twitter.com,Male,155.151.2.137
792,Jeremie,Poter,jpoterlz@delicious.com,Male,160.227.180.196
793,Pier,Sybe,psybem0@china.com.cn,Female,14.159.141.28
794,Richard,Grute,rgrutem1@xing.com,Male,96.230.180.188
795,Bunny,Goter,bgoterm2@flickr.com,Female,196.213.9.70
796,Aristotle,Lauridsen,alauridsenm3@yahoo.co.jp,Male,162.111.10.246
797,Gar,Richardeau,grichardeaum4@digg.com,Male,222.128.127.0
798,Talia,Siney,tsineym5@vimeo.com,Female,171.48.221.245
799,Torr,Bampton,tbamptonm6@lycos.com,Male,254.181.229.94
800,Andres,Bollom,abollomm7@bizjournals.com,Male,135.121.189.193
801,Ari,Brisson,abrissonm8@harvard.edu,Male,75.86.209.28
802,Meier,Strangman,mstrangmanm9@google.co.jp,Male,95.26.60.47
803,Bil,Davern,bdavernma@1und1.de,Male,233.252.112.8
804,Wit,DeSousa,wdesousamb@github.io,Male,197.40.15.246
805,Berty,Djuricic,bdjuricicmc@furl.net,Male,192.153.30.178
806,Charmian,MacGinley,cmacginleymd@imageshack.us,Female,9.46.59.73
807,Berta,Bachmann,bbachmannme@last.fm,Female,170.235.160.111
808,Boycie,Gass,bgassmf@cnbc.com,Male,87.69.207.100
809,Drud,Bernakiewicz,dbernakiewiczmg@sciencedirect.com,Male,8.105.136.104
810,Garvey,Mackilpatrick,gmackilpatrickmh@google.nl,Male,23.252.188.18
811,Constanta,Vere,cveremi@bigcartel.com,Female,117.251.169.151
812,Alexine,Menhenitt,amenhenittmj@printfriendly.com,Female,255.245.42.173
813,Neron,Tapin,ntapinmk@vistaprint.com,Male,34.228.46.180
814,Lucian,Richardsson,lrichardssonml@netlog.com,Male,35.13.77.191
815,Hagan,Pluck,hpluckmm@unesco.org,Male,221.212.16.173
816,Albrecht,Nind,anindmn@altervista.org,Male,147.141.103.72
817,Purcell,Laws,plawsmo@abc.net.au,Male,92.183.39.124
818,Patsy,Leggen,pleggenmp@businessinsider.com,Male,241.212.54.57
819,Isaiah,Mance,imancemq@java.com,Male,194.162.193.136
820,Shane,Neame,sneamemr@github.io,Male,25.131.142.212
821,Tandy,Yakobowitz,tyakobowitzms@instagram.com,Female,208.92.8.153
822,Ken,Tellett,ktellettmt@indiatimes.com,Male,189.169.196.160
823,Sherrie,McMurty,smcmurtymu@mozilla.org,Female,110.15.191.115
824,Lexine,Alldre,lalldremv@photobucket.com,Female,133.250.214.16
825,Brina,Stainfield,bstainfieldmw@sourceforge.net,Female,126.40.190.163
826,Adela,Arboine,aarboinemx@quantcast.com,Female,224.139.177.127
827,Leanor,Putterill,lputterillmy@skyrock.com,Female,2.98.114.222
828,Nikolaos,Bodell,nbodellmz@newyorker.com,Male,41.227.215.29
829,Sheelagh,MacHarg,smachargn0@unesco.org,Female,28.255.87.209
830,Paxon,Ambrosoni,pambrosonin1@infoseek.co.jp,Male,105.8.60.92
831,Benny,Lidster,blidstern2@joomla.org,Male,3.65.138.85
832,Livy,Randalston,lrandalstonn3@feedburner.com,Female,225.59.131.80
833,Murvyn,Bambury,mbamburyn4@spiegel.de,Male,84.246.186.50
834,Cammi,Focke,cfocken5@g.co,Female,0.35.23.194
835,Huntington,Pluvier,hpluviern6@shareasale.com,Male,127.115.92.206
836,Kriste,Dubois,kduboisn7@so-net.ne.jp,Female,146.162.121.3
837,Kahaleel,Lehrle,klehrlen8@weather.com,Male,128.1.218.209
838,Neville,Ivanchenkov,nivanchenkovn9@latimes.com,Male,227.113.96.44
839,Barn,Chambers,bchambersna@flavors.me,Male,189.191.173.25
840,Zared,Spurden,zspurdennb@cdc.gov,Male,232.241.34.87
841,Diann,McGuire,dmcguirenc@cyberchimps.com,Female,89.6.130.77
842,Dalia,Wemm,dwemmnd@i2i.jp,Female,165.42.3.124
843,Cyrillus,Hug,chugne@mediafire.com,Male,237.22.106.176
844,Chlo,Le Barr,clebarrnf@wunderground.com,Female,119.50.71.147
845,Gard,Kaley,gkaleyng@google.co.uk,Male,184.219.131.87
846,Marchall,Seth,msethnh@reuters.com,Male,202.53.163.199
847,Prescott,Bathow,pbathowni@aol.com,Male,212.14.56.12
848,Barbee,Franz-Schoninger,bfranzschoningernj@wikia.com,Female,72.205.17.245
849,Chevy,Grainger,cgraingernk@sourceforge.net,Male,93.2.43.82
850,Danice,Chalice,dchalicenl@com.com,Female,190.193.56.46
851,Clayton,Shallow,cshallownm@storify.com,Male,73.132.210.103
852,Jameson,Rops,jropsnn@tmall.com,Male,40.177.248.106
853,Gusty,Camelin,gcamelinno@4shared.com,Female,39.185.22.253
854,Aron,Rydeard,arydeardnp@posterous.com,Male,230.128.30.240
855,Art,Grosier,agrosiernq@edublogs.org,Male,77.184.123.112
856,Cookie,Lummus,clummusnr@netvibes.com,Female,252.103.191.94
857,Alfy,Chesson,achessonns@de.vu,Male,125.181.55.14
858,Jarrod,Castard,jcastardnt@oakley.com,Male,175.239.31.30
859,Randolf,Tanswill,rtanswillnu@msu.edu,Male,208.112.102.31
860,Marlowe,Dehm,mdehmnv@hibu.com,Male,215.139.251.169
861,Land,Howgego,lhowgegonw@hexun.com,Male,32.21.106.81
862,Karel,Assender,kassendernx@seattletimes.com,Female,66.205.48.160
863,Giuseppe,Edel,gedelny@wikia.com,Male,97.92.29.196
864,Olin,Absolem,oabsolemnz@yellowpages.com,Male,116.245.64.10
865,Claudia,Prys,cpryso0@geocities.jp,Female,214.143.179.187
866,Inessa,Yate,iyateo1@icio.us,Female,187.48.59.69
867,Elisabeth,Clawley,eclawleyo2@pagesperso-orange.fr,Female,16.215.95.254
868,Celinda,Masser,cmassero3@ucoz.ru,Female,148.224.55.20
869,Thayne,Langshaw,tlangshawo4@lulu.com,Male,38.86.156.206
870,Leonidas,Leeder,lleedero5@blogspot.com,Male,244.194.140.237
871,Robyn,Ponting,rpontingo6@psu.edu,Female,250.141.122.80
872,Eduino,Skyme,eskymeo7@jigsy.com,Male,233.106.154.212
873,Colly,Edgecumbe,cedgecumbeo8@plala.or.jp,Female,242.22.250.51
874,Sidnee,Dingate,sdingateo9@wired.com,Male,229.175.211.212
875,Guthrey,McCormick,gmccormickoa@gmpg.org,Male,117.166.76.7
876,Walt,Kleinbaum,wkleinbaumob@symantec.com,Male,200.147.23.237
877,Woodie,Guntrip,wguntripoc@naver.com,Male,247.163.173.130
878,Timoteo,Tures,tturesod@blogs.com,Male,106.85.238.3
879,Norman,Clousley,nclousleyoe@ow.ly,Male,88.170.27.109
880,Adelbert,Iveagh,aiveaghof@nhs.uk,Male,151.127.244.5
881,Cherida,Sneesbie,csneesbieog@mtv.com,Female,126.240.121.99
882,Addie,Whyard,awhyardoh@samsung.com,Male,84.183.219.181
883,Mavra,Le Hucquet,mlehucquetoi@sakura.ne.jp,Female,141.169.151.110
884,Pauly,Phillips,pphillipsoj@dion.ne.jp,Female,147.62.203.187
885,Starr,Crunkhurn,scrunkhurnok@stumbleupon.com,Female,39.161.113.37
886,Jane,Aldham,jaldhamol@cbc.ca,Female,175.22.164.84
887,Titus,Rays,traysom@yelp.com,Male,221.38.173.28
888,Lotti,Hourstan,lhourstanon@webmd.com,Female,135.79.114.250
889,Peggi,Beckerleg,pbeckerlegoo@weather.com,Female,126.69.86.254
890,Cele,Meffin,cmeffinop@arstechnica.com,Female,164.57.214.151
891,Elfrida,Kittless,ekittlessoq@washington.edu,Female,65.18.64.80
892,Kele,Gogan,kgoganor@parallels.com,Male,135.70.51.143
893,Derrik,Todaro,dtodaroos@loc.gov,Male,21.204.105.174
894,Kara,McLorinan,kmclorinanot@smh.com.au,Female,174.169.116.246
895,Dalis,Dran,ddranou@sina.com.cn,Male,217.201.100.171
896,Sebastiano,Seignior,sseigniorov@vistaprint.com,Male,91.230.144.224
897,Deana,Middas,dmiddasow@weebly.com,Female,225.53.9.111
898,Garner,Titcomb,gtitcombox@wikia.com,Male,83.132.150.214
899,Bekki,Arkwright,barkwrightoy@freewebs.com,Female,43.45.93.65
900,Leena,Graffin,lgraffinoz@freewebs.com,Female,185.2.254.33
901,Mala,Sayward,msaywardp0@so-net.ne.jp,Female,89.234.204.63
902,Berne,Gatesman,bgatesmanp1@fda.gov,Male,57.119.198.193
903,Faun,Peek,fpeekp2@nytimes.com,Female,246.158.242.117
904,Reggi,Thorwarth,rthorwarthp3@comcast.net,Female,232.186.168.197
905,Thom,Burnup,tburnupp4@dropbox.com,Male,186.74.1.102
906,Claire,Kneath,ckneathp5@samsung.com,Male,27.88.126.110
907,Nikolaos,Kesten,nkestenp6@sfgate.com,Male,2.65.25.157
908,Ruthanne,Alexsandrov,ralexsandrovp7@digg.com,Female,194.153.21.27
909,Finn,Leppington,fleppingtonp8@macromedia.com,Male,234.238.108.104
910,Laurene,Keling,lkelingp9@ovh.net,Female,142.3.106.24
911,Donal,Grain,dgrainpa@engadget.com,Male,229.239.161.201
912,Kellie,Orris,korrispb@moonfruit.com,Female,72.44.145.148
913,Minnie,Cutmare,mcutmarepc@istockphoto.com,Female,114.197.250.219
914,Madelyn,Oxterby,moxterbypd@oaic.gov.au,Female,255.133.217.151
915,Kattie,Parsons,kparsonspe@yelp.com,Female,111.21.195.92
916,Cordie,Tims,ctimspf@is.gd,Female,181.128.181.247
917,Reynold,Alejandre,ralejandrepg@prweb.com,Male,237.116.204.52
918,Aurie,Peak,apeakph@vinaora.com,Female,127.71.194.165
919,Krissie,Mayho,kmayhopi@hexun.com,Female,53.229.46.208
920,Terrel,Fost,tfostpj@hao123.com,Male,81.230.220.188
921,Valle,Verralls,vverrallspk@elegantthemes.com,Male,249.26.79.228
922,Lynnelle,Kondrat,lkondratpl@scientificamerican.com,Female,152.248.194.178
923,Ealasaid,Meffin,emeffinpm@trellian.com,Female,131.170.175.124
924,Florette,Trimming,ftrimmingpn@multiply.com,Female,254.51.81.19
925,Bryanty,Gavaran,bgavaranpo@chicagotribune.com,Male,94.183.110.8
926,Janek,Janisson,jjanissonpp@ucoz.ru,Male,206.207.103.38
927,Iona,Arndt,iarndtpq@un.org,Female,238.179.10.76
928,Nowell,Wheatley,nwheatleypr@joomla.org,Male,225.42.205.22
929,Brody,Pyson,bpysonps@artisteer.com,Male,190.70.61.18
930,Welch,Downe,wdownept@state.gov,Male,161.45.31.16
931,Jonah,Beddoes,jbeddoespu@samsung.com,Male,172.121.215.116
932,Minetta,Laven,mlavenpv@ed.gov,Female,82.59.232.255
933,Arabela,Cawson,acawsonpw@g.co,Female,190.107.75.159
934,Crissy,Yelding,cyeldingpx@house.gov,Female,171.207.227.96
935,L;urette,Jukubczak,ljukubczakpy@dell.com,Female,162.122.163.165
936,Milton,Pratchett,mpratchettpz@sciencedaily.com,Male,150.15.246.52
937,Bryan,Quigley,bquigleyq0@hubpages.com,Male,14.201.106.45
938,Jessa,MacCaughan,jmaccaughanq1@time.com,Female,94.238.117.6
939,Zelda,Gawthrop,zgawthropq2@unicef.org,Female,3.247.194.166
940,Annnora,Arkle,aarkleq3@lulu.com,Female,236.85.155.46
941,Alfredo,Scopham,ascophamq4@wikimedia.org,Male,30.203.117.221
942,Catina,Stenbridge,cstenbridgeq5@imgur.com,Female,198.12.177.48
943,Rani,Luetkemeyer,rluetkemeyerq6@1und1.de,Female,214.24.162.162
944,Eula,Ding,edingq7@who.int,Female,163.150.183.236
945,Leo,Westhoff,lwesthoffq8@disqus.com,Male,60.210.106.153
946,Philis,Crowch,pcrowchq9@illinois.edu,Female,29.99.160.72
947,Malissa,Heintz,mheintzqa@dmoz.org,Female,135.34.233.36
948,Ivar,Matschuk,imatschukqb@fastcompany.com,Male,16.31.131.199
949,Cherin,Ellicombe,cellicombeqc@php.net,Female,141.120.43.40
950,Berke,Beneyto,bbeneytoqd@redcross.org,Male,116.46.19.157
951,Adria,Genike,agenikeqe@google.co.uk,Female,65.39.74.27
952,Alverta,Fetterplace,afetterplaceqf@drupal.org,Female,228.87.193.55
953,Dru,Mewitt,dmewittqg@accuweather.com,Male,36.51.100.192
954,Ad,Hewertson,ahewertsonqh@spiegel.de,Male,93.46.53.147
955,Iosep,Skellen,iskellenqi@hhs.gov,Male,29.124.111.106
956,Letti,Clubley,lclubleyqj@ning.com,Female,107.43.58.238
957,Jamill,Isakov,jisakovqk@soup.io,Male,219.2.56.19
958,Abelard,Brun,abrunql@soundcloud.com,Male,114.253.227.54
959,Oren,Breedy,obreedyqm@google.nl,Male,166.218.112.202
960,Malachi,Gasnoll,mgasnollqn@tmall.com,Male,211.92.189.175
961,Temple,Scothorne,tscothorneqo@ebay.com,Male,133.14.63.158
962,Martino,Tall,mtallqp@hubpages.com,Male,201.131.63.31
963,Anna-diane,Brockway,abrockwayqq@nymag.com,Female,75.160.139.128
964,Cary,Spiring,cspiringqr@businessinsider.com,Male,132.151.143.56
965,Kare,Gonet,kgonetqs@xrea.com,Female,244.54.129.205
966,Claudie,Braiden,cbraidenqt@soundcloud.com,Female,173.14.199.171
967,Tamas,Tayloe,ttayloequ@ihg.com,Male,211.120.71.93
968,Derry,Creigan,dcreiganqv@photobucket.com,Male,6.64.133.248
969,Sim,MacDougall,smacdougallqw@jalbum.net,Male,110.191.160.93
970,Dave,Guion,dguionqx@edublogs.org,Male,153.20.74.104
971,Beale,Sullens,bsullensqy@vkontakte.ru,Male,20.35.238.106
972,Rhoda,Seabrook,rseabrookqz@blog.com,Female,93.213.93.225
973,Bjorn,Gerrens,bgerrensr0@abc.net.au,Male,135.12.109.208
974,Baily,Adney,badneyr1@walmart.com,Male,4.140.95.50
975,Timmy,Hayter,thayterr2@shinystat.com,Female,78.110.211.253
976,Filberto,Trehearne,ftrehearner3@technorati.com,Male,200.218.5.183
977,Thor,Heephy,theephyr4@sciencedirect.com,Male,52.12.7.17
978,Gerry,Klehyn,gklehynr5@baidu.com,Female,124.161.145.178
979,Floria,Couvert,fcouvertr6@mozilla.org,Female,131.114.109.251
980,Reyna,Wadman,rwadmanr7@meetup.com,Female,149.185.145.127
981,Lanna,O' Driscoll,lodriscollr8@goodreads.com,Female,4.201.164.182
982,Woodie,Delmage,wdelmager9@chron.com,Male,107.247.44.115
983,Thorsten,Worsom,tworsomra@plala.or.jp,Male,204.160.138.71
984,Wade,Whopples,wwhopplesrb@meetup.com,Male,107.74.178.107
985,Nora,Fiddyment,nfiddymentrc@pbs.org,Female,90.69.253.174
986,Bethena,Trayling,btraylingrd@scientificamerican.com,Female,91.51.5.16
987,Hyacinthia,Normadell,hnormadellre@cdc.gov,Female,227.241.212.228
988,Thorndike,Rawood,trawoodrf@php.net,Male,247.127.201.159
989,Jermaine,Bailie,jbailierg@mail.ru,Female,38.15.168.122
990,Grenville,Seeger,gseegerrh@shutterfly.com,Male,133.91.126.124
991,Donal,Coupland,dcouplandri@goodreads.com,Male,0.197.66.99
992,Jillene,McSaul,jmcsaulrj@flickr.com,Female,211.60.166.110
993,Niccolo,Able,nablerk@prnewswire.com,Male,107.64.168.27
994,Aldo,Eddisford,aeddisfordrl@networksolutions.com,Male,88.5.56.30
995,Fraze,Andrassy,fandrassyrm@imageshack.us,Male,56.151.3.136
996,Lisbeth,Louche,llouchern@mozilla.com,Female,39.203.125.202
997,Emmye,Theunissen,etheunissenro@bloglovin.com,Female,102.7.207.152
998,Libby,Saice,lsaicerp@weibo.com,Female,163.159.246.190
999,Jillian,Iremonger,jiremongerrq@wunderground.com,Female,238.12.173.214
1000,Goober,Labrow,glabrowrr@berkeley.edu,Male,184.212.57.122
